asset_id,path,title,purpose,asset_class,role,format,project_slug,version,status,sensitivity,source_of_truth,tags,aliases,lineage,created_cdt,modified_cdt,size_bytes,sha256,package_managed,rights_holder,copyright_year,rights_notice,rights_scope,license
MTB-PUBLIC-618CD5B83D62060B,.gitattributes,.gitattributes,Retained project asset,project-asset,project-asset,file,media-tagger-bot,v0.5.9,current,public,False,media-tagger-bot;public-source,.gitattributes;.gitattributes,introduced in MediaTaggerBot v0.5.9 at .gitattributes,2026-08-09 CDT / America/Chicago,2026-08-09 CDT / America/Chicago,229,31843f1af728878cdd59e6042459b7bf652f55ac18acd45ff7905d5d52c02194,True,Gateway Information Group LLC,2026,Copyright © 2026 Gateway Information Group LLC. All rights reserved.,first-party source only; third-party dependencies remain separately licensed,Proprietary; no license grant
MTB-PUBLIC-DD4FBDA47E51F1E3,.github/dependabot.yml,dependabot.yml,Retained project asset,project-asset,project-asset,yml,media-tagger-bot,v0.5.9,current,public,False,media-tagger-bot;public-source,dependabot.yml;.github/dependabot.yml,introduced in MediaTaggerBot v0.5.9 at .github/dependabot.yml,2026-08-09 CDT / America/Chicago,2026-08-09 CDT / America/Chicago,684,a71898c60b6c450bb422c52ffe5124b25472b8c14e4b86a20fdfe6b92c5dd15c,True,Gateway Information Group LLC,2026,Copyright © 2026 Gateway Information Group LLC. All rights reserved.,first-party source only; third-party dependencies remain separately licensed,Proprietary; no license grant
MTB-PUBLIC-B803FCB7F17ED923,.github/workflows/ci.yml,ci.yml,Retained project asset,project-asset,project-asset,yml,media-tagger-bot,v0.5.9,current,public,False,media-tagger-bot;public-source,ci.yml;.github/workflows/ci.yml,introduced in MediaTaggerBot v0.5.9 at .github/workflows/ci.yml,2026-08-09 CDT / America/Chicago,2026-08-09 CDT / America/Chicago,2674,9a42a7920494e7093e75d92d34f766ec7e388fb70de7e20235eb80a408540626,True,Gateway Information Group LLC,2026,Copyright © 2026 Gateway Information Group LLC. All rights reserved.,first-party source only; third-party dependencies remain separately licensed,Proprietary; no license grant
MTB-PUBLIC-BC37D034BAD56458,.gitignore,.gitignore,Retained project asset,project-asset,project-asset,file,media-tagger-bot,v0.5.9,current,public,False,media-tagger-bot;public-source,.gitignore;.gitignore,introduced in MediaTaggerBot v0.5.9 at .gitignore,2026-08-09 CDT / America/Chicago,2026-08-09 CDT / America/Chicago,407,22964f136314dc9977a6887de1aba9952a63cd8a28a5f5655d6bacc582cc2a10,True,Gateway Information Group LLC,2026,Copyright © 2026 Gateway Information Group LLC. All rights reserved.,first-party source only; third-party dependencies remain separately licensed,Proprietary; no license grant
MTB-PUBLIC-06572A96A58DC510,CHANGELOG.md,CHANGELOG.md,Sanitized public source release asset,documentation,release-asset,md,media-tagger-bot,v0.5.9,current,public,False,media-tagger-bot;public-source,CHANGELOG.md;CHANGELOG.md,sanitized from confirmed MediaTaggerBot v0.5.9 source package; public build hardens target-collision evidence priority and uses hash-locked source installation,2026-08-08 CDT / America/Chicago,2026-08-10 CDT / America/Chicago,1663,9fcb4a365af6057869ebc039f4407cbded1d4b6bb86ac0e5c440b874464b106b,True,Gateway Information Group LLC,2026,Copyright © 2026 Gateway Information Group LLC. All rights reserved.,first-party source only; third-party dependencies remain separately licensed,Proprietary; no license grant
MTB-PUBLIC-8135CD0EC294702A,config/canonical_overrides.toml,canonical_overrides.toml,Sanitized public source release asset,configuration,release-asset,toml,media-tagger-bot,v0.5.9,current,public,False,media-tagger-bot;public-source,canonical_overrides.toml;config/canonical_overrides.toml,sanitized from confirmed MediaTaggerBot v0.5.9 source package; public build hardens target-collision evidence priority and uses hash-locked source installation,2026-08-08 CDT / America/Chicago,2026-08-09 CDT / America/Chicago,,,False,Gateway Information Group LLC,2026,Copyright © 2026 Gateway Information Group LLC. All rights reserved.,first-party source only; third-party dependencies remain separately licensed,Proprietary; no license grant
MTB-PUBLIC-F3F972C0FDC5753C,config/config.example.toml,config.example.toml,Sanitized public source release asset,configuration,release-asset,toml,media-tagger-bot,v0.5.9,current,public,False,media-tagger-bot;public-source,config.example.toml;config/config.example.toml,sanitized from confirmed MediaTaggerBot v0.5.9 source package; public build hardens target-collision evidence priority and uses hash-locked source installation,2026-08-08 CDT / America/Chicago,2026-08-09 CDT / America/Chicago,9936,b5f4d9cdd2874b1ee1183d14c44ad8b48a56736e571d950ffb771b22a602af19,True,Gateway Information Group LLC,2026,Copyright © 2026 Gateway Information Group LLC. All rights reserved.,first-party source only; third-party dependencies remain separately licensed,Proprietary; no license grant
MTB-PUBLIC-3656ED33920EC573,DEPENDENCY_SBOM.json,DEPENDENCY_SBOM.json,Sanitized public source release asset,configuration,release-asset,json,media-tagger-bot,v0.5.9,current,public,False,media-tagger-bot;public-source,DEPENDENCY_SBOM.json;DEPENDENCY_SBOM.json,sanitized from confirmed MediaTaggerBot v0.5.9 source package; public build hardens target-collision evidence priority and uses hash-locked source installation,2026-08-08 CDT / America/Chicago,2026-08-09 CDT / America/Chicago,1912,8f5006d5822896e9d77fa67d6d2fc44bd8743bff8afe5a85f92541ca72c5f0fb,True,Gateway Information Group LLC,2026,Copyright © 2026 Gateway Information Group LLC. All rights reserved.,first-party source only; third-party dependencies remain separately licensed,Proprietary; no license grant
MTB-PUBLIC-0C89EFB2DD3FE5C0,docs/API_NOTES.md,API_NOTES.md,Sanitized public source release asset,documentation,release-asset,md,media-tagger-bot,v0.5.9,current,public,False,media-tagger-bot;public-source,API_NOTES.md;docs/API_NOTES.md,sanitized from confirmed MediaTaggerBot v0.5.9 source package; public build hardens target-collision evidence priority and uses hash-locked source installation,2026-08-08 CDT / America/Chicago,2026-08-09 CDT / America/Chicago,349,d6b772cd9e246cebd2805865a0b3afe9249665ca43225219e1f85b387cc724d1,True,Gateway Information Group LLC,2026,Copyright © 2026 Gateway Information Group LLC. All rights reserved.,first-party source only; third-party dependencies remain separately licensed,Proprietary; no license grant
MTB-PUBLIC-3B441DB82A6AA05A,docs/OPERATIONS.md,OPERATIONS.md,Sanitized public source release asset,documentation,release-asset,md,media-tagger-bot,v0.5.9,current,public,False,media-tagger-bot;public-source,OPERATIONS.md;docs/OPERATIONS.md,sanitized from confirmed MediaTaggerBot v0.5.9 source package; public build hardens target-collision evidence priority and uses hash-locked source installation,2026-08-08 CDT / America/Chicago,2026-08-09 CDT / America/Chicago,636,a6a033cf9a2352d771a29803c72ebca884b83eaf9b64a7edd7f7c41dbf94a966,True,Gateway Information Group LLC,2026,Copyright © 2026 Gateway Information Group LLC. All rights reserved.,first-party source only; third-party dependencies remain separately licensed,Proprietary; no license grant
MTB-PUBLIC-A62592CF28CA8D06,docs/VERIFICATION.md,VERIFICATION.md,Sanitized public source release asset,documentation,release-asset,md,media-tagger-bot,v0.5.9,current,public,False,media-tagger-bot;public-source,VERIFICATION.md;docs/VERIFICATION.md,sanitized from confirmed MediaTaggerBot v0.5.9 source package; public build hardens target-collision evidence priority and uses hash-locked source installation,2026-08-08 CDT / America/Chicago,2026-08-09 CDT / America/Chicago,397,6306ea159d41ae4158116bc254d04b18b337cfcad5f4f7c141414065c0733056,True,Gateway Information Group LLC,2026,Copyright © 2026 Gateway Information Group LLC. All rights reserved.,first-party source only; third-party dependencies remain separately licensed,Proprietary; no license grant
MTB-PUBLIC-19167B115048CAA3,KNOWN_GOOD_STATE.md,KNOWN_GOOD_STATE.md,Sanitized public source release asset,documentation,release-asset,md,media-tagger-bot,v0.5.9,current,public,False,media-tagger-bot;public-source,KNOWN_GOOD_STATE.md;KNOWN_GOOD_STATE.md,sanitized from confirmed MediaTaggerBot v0.5.9 source package; public build hardens target-collision evidence priority and uses hash-locked source installation,2026-08-08 CDT / America/Chicago,2026-08-09 CDT / America/Chicago,314,e374169f8ab9a468d4852c7afd8dfc69586444972aa02746cb7561b2f6a9a145,True,Gateway Information Group LLC,2026,Copyright © 2026 Gateway Information Group LLC. All rights reserved.,first-party source only; third-party dependencies remain separately licensed,Proprietary; no license grant
MTB-PUBLIC-4673A3ABA01813B5,LICENSE.md,LICENSE.md,Project documentation and operational evidence,documentation,documentation,md,media-tagger-bot,v0.5.9,current,public,False,media-tagger-bot;public-source,LICENSE.md;LICENSE.md,introduced in MediaTaggerBot v0.5.9 at LICENSE.md,2026-08-09 CDT / America/Chicago,2026-08-09 CDT / America/Chicago,1112,f670a8f36b1df4f0febb59f2265bd8100d79233b0f6b61a07020782b2e8b2c63,True,Gateway Information Group LLC,2026,Copyright © 2026 Gateway Information Group LLC. All rights reserved.,first-party source only; third-party dependencies remain separately licensed,Proprietary; no license grant
MTB-PUBLIC-MANIFEST-CSV,MANIFEST.csv,MANIFEST.csv,CSV mirror of public release inventory,manifest,manifest-mirror,csv,media-tagger-bot,v0.5.9,current,public,False,manifest,MANIFEST.csv,public source manifest for v0.5.9,2026-08-08 CDT / America/Chicago,2026-08-10 CDT / America/Chicago,72273,SELF_REFERENTIAL_SEE_ZIP_SHA256_SIDECAR,True,Gateway Information Group LLC,2026,Copyright © 2026 Gateway Information Group LLC. All rights reserved.,first-party metadata,Proprietary; no license grant
MTB-PUBLIC-MANIFEST,MANIFEST.json,MANIFEST.json,Canonical public release inventory,manifest,canonical-manifest,json,media-tagger-bot,v0.5.9,current,public,True,manifest,MANIFEST.json,public source manifest for v0.5.9,2026-08-08 CDT / America/Chicago,2026-08-10 CDT / America/Chicago,132116,SELF_REFERENTIAL_SEE_ZIP_SHA256_SIDECAR,False,Gateway Information Group LLC,2026,Copyright © 2026 Gateway Information Group LLC. All rights reserved.,first-party metadata,Proprietary; no license grant
MTB-PUBLIC-D9FAD0A45F9CADD2,PACKAGE_METADATA.json,PACKAGE_METADATA.json,Sanitized public source release asset,configuration,release-asset,json,media-tagger-bot,v0.5.9,current,public,True,media-tagger-bot;public-source,PACKAGE_METADATA.json;PACKAGE_METADATA.json,sanitized from confirmed MediaTaggerBot v0.5.9 source package; public build hardens target-collision evidence priority and uses hash-locked source installation,2026-08-08 CDT / America/Chicago,2026-08-10 CDT / America/Chicago,3062,577b337b708b95bb24cc4ceb668069bfc010baf4349b275f0840ea1350bf34ce,True,Gateway Information Group LLC,2026,Copyright © 2026 Gateway Information Group LLC. All rights reserved.,first-party source only; third-party dependencies remain separately licensed,Proprietary; no license grant
MTB-PUBLIC-50C86B7ED8AC2CF9,pyproject.toml,pyproject.toml,Sanitized public source release asset,configuration,release-asset,toml,media-tagger-bot,v0.5.9,current,public,False,media-tagger-bot;public-source,pyproject.toml;pyproject.toml,sanitized from confirmed MediaTaggerBot v0.5.9 source package; public build hardens target-collision evidence priority and uses hash-locked source installation,2026-08-08 CDT / America/Chicago,2026-08-09 CDT / America/Chicago,692,81e72eaad3f099a1df989718dcf50dba4970823fae8e7a26450a259c09b0a35c,True,Gateway Information Group LLC,2026,Copyright © 2026 Gateway Information Group LLC. All rights reserved.,first-party source only; third-party dependencies remain separately licensed,Proprietary; no license grant
MTB-PUBLIC-B335630551682C19,README.md,README.md,Sanitized public source release asset,documentation,release-asset,md,media-tagger-bot,v0.5.9,current,public,False,media-tagger-bot;public-source,README.md;README.md,sanitized from confirmed MediaTaggerBot v0.5.9 source package; public build hardens target-collision evidence priority and uses hash-locked source installation,2026-08-08 CDT / America/Chicago,2026-08-10 CDT / America/Chicago,4434,19fbd9784ca4f7d99f0b65a97fe07549d4cfa8df3548816fa2a5b032af6be6f0,True,Gateway Information Group LLC,2026,Copyright © 2026 Gateway Information Group LLC. All rights reserved.,first-party source only; third-party dependencies remain separately licensed,Proprietary; no license grant
MTB-PUBLIC-4363095B59A4168A,RELEASE_NOTES.md,RELEASE_NOTES.md,Sanitized public source release asset,documentation,release-asset,md,media-tagger-bot,v0.5.9,current,public,False,media-tagger-bot;public-source,RELEASE_NOTES.md;RELEASE_NOTES.md,sanitized from confirmed MediaTaggerBot v0.5.9 source package; public build hardens target-collision evidence priority and uses hash-locked source installation,2026-08-08 CDT / America/Chicago,2026-08-10 CDT / America/Chicago,871,892083959ecb0071550892cd955269ebf8672c0e7fa24bd7afd427f300d8c41e,True,Gateway Information Group LLC,2026,Copyright © 2026 Gateway Information Group LLC. All rights reserved.,first-party source only; third-party dependencies remain separately licensed,Proprietary; no license grant
MTB-PUBLIC-685DA804FBCAC569,requirements-test.txt,requirements-test.txt,Sanitized public source release asset,documentation,release-asset,txt,media-tagger-bot,v0.5.9,current,public,False,media-tagger-bot;public-source,requirements-test.txt;requirements-test.txt,sanitized from confirmed MediaTaggerBot v0.5.9 source package; public build hardens target-collision evidence priority and uses hash-locked source installation,2026-08-08 CDT / America/Chicago,2026-08-09 CDT / America/Chicago,14,f40723c374d8534ab2a6295025f6d643f81eeac4d826db1e48947662a073a520,True,Gateway Information Group LLC,2026,Copyright © 2026 Gateway Information Group LLC. All rights reserved.,first-party source only; third-party dependencies remain separately licensed,Proprietary; no license grant
MTB-PUBLIC-46E94F898F5F2171,requirements.lock.txt,requirements.lock.txt,Sanitized public source release asset,documentation,release-asset,txt,media-tagger-bot,v0.5.9,current,public,False,media-tagger-bot;public-source,requirements.lock.txt;requirements.lock.txt,sanitized from confirmed MediaTaggerBot v0.5.9 source package; public build hardens target-collision evidence priority and uses hash-locked source installation,2026-08-08 CDT / America/Chicago,2026-08-09 CDT / America/Chicago,1033,2f7c5188f2b8226180841dec55b5129e8f71f3564641a4fca896c83c8e822c20,True,Gateway Information Group LLC,2026,Copyright © 2026 Gateway Information Group LLC. All rights reserved.,first-party source only; third-party dependencies remain separately licensed,Proprietary; no license grant
MTB-PUBLIC-4D7C51B1EFE9043E,requirements.txt,requirements.txt,Sanitized public source release asset,documentation,release-asset,txt,media-tagger-bot,v0.5.9,current,public,False,media-tagger-bot;public-source,requirements.txt;requirements.txt,sanitized from confirmed MediaTaggerBot v0.5.9 source package; public build hardens target-collision evidence priority and uses hash-locked source installation,2026-08-08 CDT / America/Chicago,2026-08-09 CDT / America/Chicago,165,0fbe4227e6f30237ffea77557ed3b8036c690f9317851ee64acc5c773aa15b9c,True,Gateway Information Group LLC,2026,Copyright © 2026 Gateway Information Group LLC. All rights reserved.,first-party source only; third-party dependencies remain separately licensed,Proprietary; no license grant
MTB-PUBLIC-155D808DE2FE7D47,RIGHTS_NOTICE.txt,RIGHTS_NOTICE.txt,Sanitized public source release asset,documentation,release-asset,txt,media-tagger-bot,v0.5.9,current,public,False,media-tagger-bot;public-source,RIGHTS_NOTICE.txt;RIGHTS_NOTICE.txt,sanitized from confirmed MediaTaggerBot v0.5.9 source package; public build hardens target-collision evidence priority and uses hash-locked source installation,2026-08-08 CDT / America/Chicago,2026-08-09 CDT / America/Chicago,338,e57266b9d7a427f49c9173abf2a7e02bb1e5d11d8330ca541245d22876f9c4a7,True,Gateway Information Group LLC,2026,Copyright © 2026 Gateway Information Group LLC. All rights reserved.,first-party source only; third-party dependencies remain separately licensed,Proprietary; no license grant
MTB-PUBLIC-AE328C84EC1D048C,scripts/request_stop.py,request_stop.py,Sanitized public source release asset,source-code,release-asset,py,media-tagger-bot,v0.5.9,current,public,False,media-tagger-bot;public-source,request_stop.py;scripts/request_stop.py,sanitized from confirmed MediaTaggerBot v0.5.9 source package; public build hardens target-collision evidence priority and uses hash-locked source installation,2026-08-08 CDT / America/Chicago,2026-08-09 CDT / America/Chicago,821,d768cf741ea32c2b34bb3d787d16dcc553e3f82d1156313ee10a42f98523c462,True,Gateway Information Group LLC,2026,Copyright © 2026 Gateway Information Group LLC. All rights reserved.,first-party source only; third-party dependencies remain separately licensed,Proprietary; no license grant
MTB-PUBLIC-DED1CAA56026EF98,scripts/smoke_test.py,smoke_test.py,Sanitized public source release asset,source-code,release-asset,py,media-tagger-bot,v0.5.9,current,public,False,media-tagger-bot;public-source,smoke_test.py;scripts/smoke_test.py,sanitized from confirmed MediaTaggerBot v0.5.9 source package; public build hardens target-collision evidence priority and uses hash-locked source installation,2026-08-08 CDT / America/Chicago,2026-08-09 CDT / America/Chicago,1576,86e6a836524e090df52902ca033b50c02f3bdbc6bb63573a09501f145b8c7256,True,Gateway Information Group LLC,2026,Copyright © 2026 Gateway Information Group LLC. All rights reserved.,first-party source only; third-party dependencies remain separately licensed,Proprietary; no license grant
MTB-PUBLIC-07CB0EC6E39370F6,scripts/verify_runtime_environment.py,verify_runtime_environment.py,Sanitized public source release asset,source-code,release-asset,py,media-tagger-bot,v0.5.9,current,public,False,media-tagger-bot;public-source,verify_runtime_environment.py;scripts/verify_runtime_environment.py,sanitized from confirmed MediaTaggerBot v0.5.9 source package; public build hardens target-collision evidence priority and uses hash-locked source installation,2026-08-08 CDT / America/Chicago,2026-08-09 CDT / America/Chicago,6006,be96692cb2ffa206c51de66940112aae663341944f3b05ebc707dd2cfb3e31eb,True,Gateway Information Group LLC,2026,Copyright © 2026 Gateway Information Group LLC. All rights reserved.,first-party source only; third-party dependencies remain separately licensed,Proprietary; no license grant
MTB-PUBLIC-F6ED156E4BF5C791,SECURITY.md,SECURITY.md,Project documentation and operational evidence,documentation,documentation,md,media-tagger-bot,v0.5.9,current,public,False,media-tagger-bot;public-source,SECURITY.md;SECURITY.md,introduced in MediaTaggerBot v0.5.9 at SECURITY.md,2026-08-09 CDT / America/Chicago,2026-08-09 CDT / America/Chicago,1358,ba560e1a3ef45dd8b063fcb87566a70c85afa41b2f9b17b18cdc0897a056dfc1,True,Gateway Information Group LLC,2026,Copyright © 2026 Gateway Information Group LLC. All rights reserved.,first-party source only; third-party dependencies remain separately licensed,Proprietary; no license grant
MTB-PUBLIC-88251EA124E2F522,SOURCE_PROVENANCE.md,SOURCE_PROVENANCE.md,Sanitized public source release asset,documentation,release-asset,md,media-tagger-bot,v0.5.9,current,public,False,media-tagger-bot;public-source,SOURCE_PROVENANCE.md;SOURCE_PROVENANCE.md,sanitized from confirmed MediaTaggerBot v0.5.9 source package; public build hardens target-collision evidence priority and uses hash-locked source installation,2026-08-08 CDT / America/Chicago,2026-08-10 CDT / America/Chicago,699,9e35d2812006d9c85851ad313e2b0b2efa9cf22f4d1059e8539b6c0da627c520,True,Gateway Information Group LLC,2026,Copyright © 2026 Gateway Information Group LLC. All rights reserved.,first-party source only; third-party dependencies remain separately licensed,Proprietary; no license grant
MTB-PUBLIC-BB57AB567BF52CAF,src/mediataggerbot/__init__.py,__init__.py,Sanitized public source release asset,source-code,runtime-source,py,media-tagger-bot,v0.5.9,current,public,False,media-tagger-bot;public-source,__init__.py;src/mediataggerbot/__init__.py,sanitized from confirmed MediaTaggerBot v0.5.9 source package; public build hardens target-collision evidence priority and uses hash-locked source installation,2026-08-08 CDT / America/Chicago,2026-08-10 CDT / America/Chicago,140,9e96007e3e97031ad659504a579636051a5228d313e53896335b424a892b5c30,True,Gateway Information Group LLC,2026,Copyright © 2026 Gateway Information Group LLC. All rights reserved.,first-party source only; third-party dependencies remain separately licensed,Proprietary; no license grant
MTB-PUBLIC-EDC4281395CAACA0,src/mediataggerbot/__main__.py,__main__.py,Sanitized public source release asset,source-code,runtime-source,py,media-tagger-bot,v0.5.9,current,public,False,media-tagger-bot;public-source,__main__.py;src/mediataggerbot/__main__.py,sanitized from confirmed MediaTaggerBot v0.5.9 source package; public build hardens target-collision evidence priority and uses hash-locked source installation,2026-08-08 CDT / America/Chicago,2026-08-09 CDT / America/Chicago,80,7dd03541605ee4b357d1f6ed6895dad7e770121ae0ff8b12ff95278da6a370ca,True,Gateway Information Group LLC,2026,Copyright © 2026 Gateway Information Group LLC. All rights reserved.,first-party source only; third-party dependencies remain separately licensed,Proprietary; no license grant
MTB-PUBLIC-F7C3DEC135E48978,src/mediataggerbot/apply_readiness.py,apply_readiness.py,Sanitized public source release asset,source-code,runtime-source,py,media-tagger-bot,v0.5.9,current,public,False,media-tagger-bot;public-source,apply_readiness.py;src/mediataggerbot/apply_readiness.py,sanitized from confirmed MediaTaggerBot v0.5.9 source package; public build hardens target-collision evidence priority and uses hash-locked source installation,2026-08-08 CDT / America/Chicago,2026-08-09 CDT / America/Chicago,7254,b4e617ffe65dbd50fad045596b841e89e9350c7aa2c4e48b0934ba9279a08c95,True,Gateway Information Group LLC,2026,Copyright © 2026 Gateway Information Group LLC. All rights reserved.,first-party source only; third-party dependencies remain separately licensed,Proprietary; no license grant
MTB-PUBLIC-DDFA0D2BDBE7D725,src/mediataggerbot/asset_metadata.py,asset_metadata.py,Sanitized public source release asset,source-code,runtime-source,py,media-tagger-bot,v0.5.9,current,public,False,media-tagger-bot;public-source,asset_metadata.py;src/mediataggerbot/asset_metadata.py,sanitized from confirmed MediaTaggerBot v0.5.9 source package; public build hardens target-collision evidence priority and uses hash-locked source installation,2026-08-08 CDT / America/Chicago,2026-08-09 CDT / America/Chicago,15893,900d015394486dee8b2c5d509a77e57b6172fd643d0466936d2e0916f720c61c,True,Gateway Information Group LLC,2026,Copyright © 2026 Gateway Information Group LLC. All rights reserved.,first-party source only; third-party dependencies remain separately licensed,Proprietary; no license grant
MTB-PUBLIC-F9A8EA694DCF8359,src/mediataggerbot/cache.py,cache.py,Sanitized public source release asset,source-code,runtime-source,py,media-tagger-bot,v0.5.9,current,public,False,media-tagger-bot;public-source,cache.py;src/mediataggerbot/cache.py,sanitized from confirmed MediaTaggerBot v0.5.9 source package; public build hardens target-collision evidence priority and uses hash-locked source installation,2026-08-08 CDT / America/Chicago,2026-08-09 CDT / America/Chicago,9236,75df992e092296f4f9a53e956dde687a6a5781d5f231375b7c7e79edd273e83c,True,Gateway Information Group LLC,2026,Copyright © 2026 Gateway Information Group LLC. All rights reserved.,first-party source only; third-party dependencies remain separately licensed,Proprietary; no license grant
MTB-PUBLIC-BB8487B33BAFA00C,src/mediataggerbot/canonicalization.py,canonicalization.py,Sanitized public source release asset,source-code,runtime-source,py,media-tagger-bot,v0.5.9,current,public,False,media-tagger-bot;public-source,canonicalization.py;src/mediataggerbot/canonicalization.py,sanitized from confirmed MediaTaggerBot v0.5.9 source package; public build hardens target-collision evidence priority and uses hash-locked source installation,2026-08-08 CDT / America/Chicago,2026-08-09 CDT / America/Chicago,14652,3fc211c15a8308257ca3fb400921cd8a6f73dfc296577c5490fa6607c64e223c,True,Gateway Information Group LLC,2026,Copyright © 2026 Gateway Information Group LLC. All rights reserved.,first-party source only; third-party dependencies remain separately licensed,Proprietary; no license grant
MTB-PUBLIC-0B1F1FCA496F914E,src/mediataggerbot/computer_context.py,computer_context.py,Sanitized public source release asset,source-code,runtime-source,py,media-tagger-bot,v0.5.9,current,public,False,media-tagger-bot;public-source,computer_context.py;src/mediataggerbot/computer_context.py,sanitized from confirmed MediaTaggerBot v0.5.9 source package; public build hardens target-collision evidence priority and uses hash-locked source installation,2026-08-08 CDT / America/Chicago,2026-08-09 CDT / America/Chicago,7250,39aa11721ba811da43095fdebe7ec92f54752d5194bb8c03450135beac0d753b,True,Gateway Information Group LLC,2026,Copyright © 2026 Gateway Information Group LLC. All rights reserved.,first-party source only; third-party dependencies remain separately licensed,Proprietary; no license grant
MTB-PUBLIC-AA5EA3522D750592,src/mediataggerbot/config.py,config.py,Sanitized public source release asset,source-code,runtime-source,py,media-tagger-bot,v0.5.9,current,public,False,media-tagger-bot;public-source,config.py;src/mediataggerbot/config.py,sanitized from confirmed MediaTaggerBot v0.5.9 source package; public build hardens target-collision evidence priority and uses hash-locked source installation,2026-08-08 CDT / America/Chicago,2026-08-09 CDT / America/Chicago,40802,f73bebfaa84d9a8eb0e9c0362f97d3e02dac90085cd6b5d2be6169a48095d062,True,Gateway Information Group LLC,2026,Copyright © 2026 Gateway Information Group LLC. All rights reserved.,first-party source only; third-party dependencies remain separately licensed,Proprietary; no license grant
MTB-PUBLIC-D13B8572958ACE9B,src/mediataggerbot/databases.py,databases.py,Sanitized public source release asset,source-code,runtime-source,py,media-tagger-bot,v0.5.9,current,public,False,media-tagger-bot;public-source,databases.py;src/mediataggerbot/databases.py,sanitized from confirmed MediaTaggerBot v0.5.9 source package; public build hardens target-collision evidence priority and uses hash-locked source installation,2026-08-08 CDT / America/Chicago,2026-08-09 CDT / America/Chicago,19291,83d49faa97c98b1dc441bddf481678166aa9bd6ec551d01131a4d58817c3f656,True,Gateway Information Group LLC,2026,Copyright © 2026 Gateway Information Group LLC. All rights reserved.,first-party source only; third-party dependencies remain separately licensed,Proprietary; no license grant
MTB-PUBLIC-43A9DB2A7199FB74,src/mediataggerbot/diagnostics.py,diagnostics.py,Sanitized public source release asset,source-code,runtime-source,py,media-tagger-bot,v0.5.9,current,public,False,media-tagger-bot;public-source,diagnostics.py;src/mediataggerbot/diagnostics.py,sanitized from confirmed MediaTaggerBot v0.5.9 source package; public build hardens target-collision evidence priority and uses hash-locked source installation,2026-08-08 CDT / America/Chicago,2026-08-09 CDT / America/Chicago,54814,b72274eff923ace4d00f7826d1125209057efad6a68c2dea19db7fc5f588bd4e,True,Gateway Information Group LLC,2026,Copyright © 2026 Gateway Information Group LLC. All rights reserved.,first-party source only; third-party dependencies remain separately licensed,Proprietary; no license grant
MTB-PUBLIC-623A4E55C7AC9EDE,src/mediataggerbot/ffprobe.py,ffprobe.py,Sanitized public source release asset,source-code,runtime-source,py,media-tagger-bot,v0.5.9,current,public,False,media-tagger-bot;public-source,ffprobe.py;src/mediataggerbot/ffprobe.py,sanitized from confirmed MediaTaggerBot v0.5.9 source package; public build hardens target-collision evidence priority and uses hash-locked source installation,2026-08-08 CDT / America/Chicago,2026-08-09 CDT / America/Chicago,3645,1d888875df58809ca3ad1912ef5fbcf25fb02fb6b14bf37ec6173d03ae48e349,True,Gateway Information Group LLC,2026,Copyright © 2026 Gateway Information Group LLC. All rights reserved.,first-party source only; third-party dependencies remain separately licensed,Proprietary; no license grant
MTB-PUBLIC-EC015A8E4678B90F,src/mediataggerbot/fingerprint.py,fingerprint.py,Sanitized public source release asset,source-code,runtime-source,py,media-tagger-bot,v0.5.9,current,public,False,media-tagger-bot;public-source,fingerprint.py;src/mediataggerbot/fingerprint.py,sanitized from confirmed MediaTaggerBot v0.5.9 source package; public build hardens target-collision evidence priority and uses hash-locked source installation,2026-08-08 CDT / America/Chicago,2026-08-09 CDT / America/Chicago,6721,0a74ce0ef86b16c2690a0bf41c1f6f8cb5341786079c3f438b88be742890fff0,True,Gateway Information Group LLC,2026,Copyright © 2026 Gateway Information Group LLC. All rights reserved.,first-party source only; third-party dependencies remain separately licensed,Proprietary; no license grant
MTB-PUBLIC-C780A39797218D38,src/mediataggerbot/genre.py,genre.py,Sanitized public source release asset,source-code,runtime-source,py,media-tagger-bot,v0.5.9,current,public,False,media-tagger-bot;public-source,genre.py;src/mediataggerbot/genre.py,sanitized from confirmed MediaTaggerBot v0.5.9 source package; public build hardens target-collision evidence priority and uses hash-locked source installation,2026-08-08 CDT / America/Chicago,2026-08-09 CDT / America/Chicago,8499,44fbcf6409766cef37b96dc5986b1d18989eaa1a4468dc5dbeffdce097b31fde,True,Gateway Information Group LLC,2026,Copyright © 2026 Gateway Information Group LLC. All rights reserved.,first-party source only; third-party dependencies remain separately licensed,Proprietary; no license grant
MTB-PUBLIC-BBDE49BD1C36C7FF,src/mediataggerbot/inventory_cache.py,inventory_cache.py,Sanitized public source release asset,source-code,runtime-source,py,media-tagger-bot,v0.5.9,current,public,False,media-tagger-bot;public-source,inventory_cache.py;src/mediataggerbot/inventory_cache.py,sanitized from confirmed MediaTaggerBot v0.5.9 source package; public build hardens target-collision evidence priority and uses hash-locked source installation,2026-08-08 CDT / America/Chicago,2026-08-09 CDT / America/Chicago,5078,6047f6bddb0b3282e20e780ed9759a78440e47b940ce197a5e603ddd349e651e,True,Gateway Information Group LLC,2026,Copyright © 2026 Gateway Information Group LLC. All rights reserved.,first-party source only; third-party dependencies remain separately licensed,Proprietary; no license grant
MTB-PUBLIC-95FB982DA5BAB465,src/mediataggerbot/launcher_attestation.py,launcher_attestation.py,Sanitized public source release asset,source-code,runtime-source,py,media-tagger-bot,v0.5.9,current,public,False,media-tagger-bot;public-source,launcher_attestation.py;src/mediataggerbot/launcher_attestation.py,sanitized from confirmed MediaTaggerBot v0.5.9 source package; public build hardens target-collision evidence priority and uses hash-locked source installation,2026-08-08 CDT / America/Chicago,2026-08-09 CDT / America/Chicago,3878,0fed2060026660b088fa650eefa485b665d6418283a4250a31686a1d3889dac5,True,Gateway Information Group LLC,2026,Copyright © 2026 Gateway Information Group LLC. All rights reserved.,first-party source only; third-party dependencies remain separately licensed,Proprietary; no license grant
MTB-PUBLIC-A832E52B46B1D049,src/mediataggerbot/logging_setup.py,logging_setup.py,Sanitized public source release asset,source-code,runtime-source,py,media-tagger-bot,v0.5.9,current,public,False,media-tagger-bot;public-source,logging_setup.py;src/mediataggerbot/logging_setup.py,sanitized from confirmed MediaTaggerBot v0.5.9 source package; public build hardens target-collision evidence priority and uses hash-locked source installation,2026-08-08 CDT / America/Chicago,2026-08-09 CDT / America/Chicago,1392,6de7f88bf877a4f88b76e9af46acee2ae5ef8671a6fe27151534d5a22e0d75ab,True,Gateway Information Group LLC,2026,Copyright © 2026 Gateway Information Group LLC. All rights reserved.,first-party source only; third-party dependencies remain separately licensed,Proprietary; no license grant
MTB-PUBLIC-009803403D3E11FC,src/mediataggerbot/main.py,main.py,Sanitized public source release asset,source-code,runtime-source,py,media-tagger-bot,v0.5.9,current,public,True,media-tagger-bot;public-source,main.py;src/mediataggerbot/main.py,sanitized from confirmed MediaTaggerBot v0.5.9 source package; public build hardens target-collision evidence priority and uses hash-locked source installation,2026-08-08 CDT / America/Chicago,2026-08-09 CDT / America/Chicago,125595,c0d294743d00f9d880f20a329f5650d5d6c7f1e1a5743b0da31a6098e9bb5e01,True,Gateway Information Group LLC,2026,Copyright © 2026 Gateway Information Group LLC. All rights reserved.,first-party source only; third-party dependencies remain separately licensed,Proprietary; no license grant
MTB-PUBLIC-1DEAF352F4C119B6,src/mediataggerbot/matcher.py,matcher.py,Sanitized public source release asset,source-code,runtime-source,py,media-tagger-bot,v0.5.9,current,public,False,media-tagger-bot;public-source,matcher.py;src/mediataggerbot/matcher.py,sanitized from confirmed MediaTaggerBot v0.5.9 source package; public build hardens target-collision evidence priority and uses hash-locked source installation,2026-08-08 CDT / America/Chicago,2026-08-09 CDT / America/Chicago,64815,ed6e65f0d31e1e88b6203b1f1a89fdddff570d6b9e5197f7fdf381046bc9ca8e,True,Gateway Information Group LLC,2026,Copyright © 2026 Gateway Information Group LLC. All rights reserved.,first-party source only; third-party dependencies remain separately licensed,Proprietary; no license grant
MTB-PUBLIC-94664AB4A286F1DA,src/mediataggerbot/metadata.py,metadata.py,Sanitized public source release asset,source-code,runtime-source,py,media-tagger-bot,v0.5.9,current,public,False,media-tagger-bot;public-source,metadata.py;src/mediataggerbot/metadata.py,sanitized from confirmed MediaTaggerBot v0.5.9 source package; public build hardens target-collision evidence priority and uses hash-locked source installation,2026-08-08 CDT / America/Chicago,2026-08-09 CDT / America/Chicago,36086,9f9526ccb6f6a939340a64f1b0eaf60f08a820deded72aea01e3a51a83f8d229,True,Gateway Information Group LLC,2026,Copyright © 2026 Gateway Information Group LLC. All rights reserved.,first-party source only; third-party dependencies remain separately licensed,Proprietary; no license grant
MTB-PUBLIC-E9543962AEA03FED,src/mediataggerbot/models.py,models.py,Sanitized public source release asset,source-code,runtime-source,py,media-tagger-bot,v0.5.9,current,public,False,media-tagger-bot;public-source,models.py;src/mediataggerbot/models.py,sanitized from confirmed MediaTaggerBot v0.5.9 source package; public build hardens target-collision evidence priority and uses hash-locked source installation,2026-08-08 CDT / America/Chicago,2026-08-09 CDT / America/Chicago,5584,ec43d030a7fb2af4c56d4504119986ee2870b07ac1d6966536adfacf1e5adfbc,True,Gateway Information Group LLC,2026,Copyright © 2026 Gateway Information Group LLC. All rights reserved.,first-party source only; third-party dependencies remain separately licensed,Proprietary; no license grant
MTB-PUBLIC-FAC120B5DB0F4B22,src/mediataggerbot/operation_journal.py,operation_journal.py,Sanitized public source release asset,source-code,runtime-source,py,media-tagger-bot,v0.5.9,current,public,False,media-tagger-bot;public-source,operation_journal.py;src/mediataggerbot/operation_journal.py,sanitized from confirmed MediaTaggerBot v0.5.9 source package; public build hardens target-collision evidence priority and uses hash-locked source installation,2026-08-08 CDT / America/Chicago,2026-08-09 CDT / America/Chicago,17944,ffbf313e416dd9dc319062dc0e521ce92bff011df1b2e06126c9278dadfc0b92,True,Gateway Information Group LLC,2026,Copyright © 2026 Gateway Information Group LLC. All rights reserved.,first-party source only; third-party dependencies remain separately licensed,Proprietary; no license grant
MTB-PUBLIC-EA86C7C17F2F2809,src/mediataggerbot/package_identity.py,package_identity.py,Sanitized public source release asset,source-code,runtime-source,py,media-tagger-bot,v0.5.9,current,public,False,media-tagger-bot;public-source,package_identity.py;src/mediataggerbot/package_identity.py,sanitized from confirmed MediaTaggerBot v0.5.9 source package; public build hardens target-collision evidence priority and uses hash-locked source installation,2026-08-08 CDT / America/Chicago,2026-08-09 CDT / America/Chicago,15826,685d7f89a88adac984b5889305bc394b84c2605aad4ec4a0fdb9ea1b447616a9,True,Gateway Information Group LLC,2026,Copyright © 2026 Gateway Information Group LLC. All rights reserved.,first-party source only; third-party dependencies remain separately licensed,Proprietary; no license grant
MTB-PUBLIC-44880476F3F72333,src/mediataggerbot/pathing.py,pathing.py,Sanitized public source release asset,source-code,runtime-source,py,media-tagger-bot,v0.5.9,current,public,False,media-tagger-bot;public-source,pathing.py;src/mediataggerbot/pathing.py,sanitized from confirmed MediaTaggerBot v0.5.9 source package; public build hardens target-collision evidence priority and uses hash-locked source installation,2026-08-08 CDT / America/Chicago,2026-08-09 CDT / America/Chicago,19169,9f5e23130d68331736ee36d8d1b91437e9f920ff8a010d9e32c8d84d1b727878,True,Gateway Information Group LLC,2026,Copyright © 2026 Gateway Information Group LLC. All rights reserved.,first-party source only; third-party dependencies remain separately licensed,Proprietary; no license grant
MTB-PUBLIC-E5BB3D98B697B721,src/mediataggerbot/portable_stop.py,portable_stop.py,Sanitized public source release asset,source-code,runtime-source,py,media-tagger-bot,v0.5.9,current,public,False,media-tagger-bot;public-source,portable_stop.py;src/mediataggerbot/portable_stop.py,sanitized from confirmed MediaTaggerBot v0.5.9 source package; public build hardens target-collision evidence priority and uses hash-locked source installation,2026-08-08 CDT / America/Chicago,2026-08-09 CDT / America/Chicago,6014,614203e4e3a326c750b2268747175674ccec4f7913aa09491daf05b6d7dce4d2,True,Gateway Information Group LLC,2026,Copyright © 2026 Gateway Information Group LLC. All rights reserved.,first-party source only; third-party dependencies remain separately licensed,Proprietary; no license grant
MTB-PUBLIC-AEF7F8E458961C1B,src/mediataggerbot/project_repair.py,project_repair.py,Sanitized public source release asset,source-code,runtime-source,py,media-tagger-bot,v0.5.9,current,public,False,media-tagger-bot;public-source,project_repair.py;src/mediataggerbot/project_repair.py,sanitized from confirmed MediaTaggerBot v0.5.9 source package; public build hardens target-collision evidence priority and uses hash-locked source installation,2026-08-08 CDT / America/Chicago,2026-08-09 CDT / America/Chicago,11139,3fc45aea6855e94090b644730cdca25e8ee99a3ea0ccbc42bf9baf43c1055745,True,Gateway Information Group LLC,2026,Copyright © 2026 Gateway Information Group LLC. All rights reserved.,first-party source only; third-party dependencies remain separately licensed,Proprietary; no license grant
MTB-PUBLIC-1F4018E42B1B42EC,src/mediataggerbot/rate_limit.py,rate_limit.py,Sanitized public source release asset,source-code,runtime-source,py,media-tagger-bot,v0.5.9,current,public,False,media-tagger-bot;public-source,rate_limit.py;src/mediataggerbot/rate_limit.py,sanitized from confirmed MediaTaggerBot v0.5.9 source package; public build hardens target-collision evidence priority and uses hash-locked source installation,2026-08-08 CDT / America/Chicago,2026-08-09 CDT / America/Chicago,973,6ab5c539dc2298c9262c87be5e30f6d7d11025da562c8b2869d30aef05015f72,True,Gateway Information Group LLC,2026,Copyright © 2026 Gateway Information Group LLC. All rights reserved.,first-party source only; third-party dependencies remain separately licensed,Proprietary; no license grant
MTB-PUBLIC-AD46FE048A959B39,src/mediataggerbot/rename.py,rename.py,Sanitized public source release asset,source-code,runtime-source,py,media-tagger-bot,v0.5.9,current,public,False,media-tagger-bot;public-source,rename.py;src/mediataggerbot/rename.py,sanitized from confirmed MediaTaggerBot v0.5.9 source package; public build hardens target-collision evidence priority and uses hash-locked source installation,2026-08-08 CDT / America/Chicago,2026-08-09 CDT / America/Chicago,7809,e179973deef606f36cd4a5b98740fc292a0f2fd7cf5aabb849e107c7203e8ebf,True,Gateway Information Group LLC,2026,Copyright © 2026 Gateway Information Group LLC. All rights reserved.,first-party source only; third-party dependencies remain separately licensed,Proprietary; no license grant
MTB-PUBLIC-6312811E20FF4037,src/mediataggerbot/reporting.py,reporting.py,Sanitized public source release asset,source-code,runtime-source,py,media-tagger-bot,v0.5.9,current,public,False,media-tagger-bot;public-source,reporting.py;src/mediataggerbot/reporting.py,sanitized from confirmed MediaTaggerBot v0.5.9 source package; public build hardens target-collision evidence priority and uses hash-locked source installation,2026-08-08 CDT / America/Chicago,2026-08-09 CDT / America/Chicago,34813,5d4dee91332c84bc06d9e2f3867ad641dd7d959fd8c383e380077b55c3a4fdd1,True,Gateway Information Group LLC,2026,Copyright © 2026 Gateway Information Group LLC. All rights reserved.,first-party source only; third-party dependencies remain separately licensed,Proprietary; no license grant
MTB-PUBLIC-981F5B0AD408433F,src/mediataggerbot/run_control.py,run_control.py,Sanitized public source release asset,source-code,runtime-source,py,media-tagger-bot,v0.5.9,current,public,False,media-tagger-bot;public-source,run_control.py;src/mediataggerbot/run_control.py,sanitized from confirmed MediaTaggerBot v0.5.9 source package; public build hardens target-collision evidence priority and uses hash-locked source installation,2026-08-08 CDT / America/Chicago,2026-08-09 CDT / America/Chicago,4113,4a725f07396293121e8b45eabbe1bc6bf5c4ee1a920d7c61a2d3c32b341ca249,True,Gateway Information Group LLC,2026,Copyright © 2026 Gateway Information Group LLC. All rights reserved.,first-party source only; third-party dependencies remain separately licensed,Proprietary; no license grant
MTB-PUBLIC-50E22CF8FFE2A4AC,src/mediataggerbot/runtime_state.py,runtime_state.py,Sanitized public source release asset,source-code,runtime-source,py,media-tagger-bot,v0.5.9,current,public,False,media-tagger-bot;public-source,runtime_state.py;src/mediataggerbot/runtime_state.py,sanitized from confirmed MediaTaggerBot v0.5.9 source package; public build hardens target-collision evidence priority and uses hash-locked source installation,2026-08-08 CDT / America/Chicago,2026-08-09 CDT / America/Chicago,9853,abd8195c824f781c05b69f789f29cd1edcd4f3b333e8cb2a77156bcdabe03988,True,Gateway Information Group LLC,2026,Copyright © 2026 Gateway Information Group LLC. All rights reserved.,first-party source only; third-party dependencies remain separately licensed,Proprietary; no license grant
MTB-PUBLIC-167AC466CD986DDF,src/mediataggerbot/scanner.py,scanner.py,Sanitized public source release asset,source-code,runtime-source,py,media-tagger-bot,v0.5.9,current,public,False,media-tagger-bot;public-source,scanner.py;src/mediataggerbot/scanner.py,sanitized from confirmed MediaTaggerBot v0.5.9 source package; public build hardens target-collision evidence priority and uses hash-locked source installation,2026-08-08 CDT / America/Chicago,2026-08-09 CDT / America/Chicago,25760,3b778e96e206f17b1e255af50460aacff0ba07a397e1216212ca83bce9eefa84,True,Gateway Information Group LLC,2026,Copyright © 2026 Gateway Information Group LLC. All rights reserved.,first-party source only; third-party dependencies remain separately licensed,Proprietary; no license grant
MTB-PUBLIC-7497845C07DB57CD,src/mediataggerbot/single_instance.py,single_instance.py,Sanitized public source release asset,source-code,runtime-source,py,media-tagger-bot,v0.5.9,current,public,False,media-tagger-bot;public-source,single_instance.py;src/mediataggerbot/single_instance.py,sanitized from confirmed MediaTaggerBot v0.5.9 source package; public build hardens target-collision evidence priority and uses hash-locked source installation,2026-08-08 CDT / America/Chicago,2026-08-09 CDT / America/Chicago,19696,fc60f31a4360be1960134dc9d33185e5837840b918e34f91f5a743e5283efd2b,True,Gateway Information Group LLC,2026,Copyright © 2026 Gateway Information Group LLC. All rights reserved.,first-party source only; third-party dependencies remain separately licensed,Proprietary; no license grant
MTB-PUBLIC-2C1F9717C495B7FB,src/mediataggerbot/timeutil.py,timeutil.py,Sanitized public source release asset,source-code,runtime-source,py,media-tagger-bot,v0.5.9,current,public,False,media-tagger-bot;public-source,timeutil.py;src/mediataggerbot/timeutil.py,sanitized from confirmed MediaTaggerBot v0.5.9 source package; public build hardens target-collision evidence priority and uses hash-locked source installation,2026-08-08 CDT / America/Chicago,2026-08-09 CDT / America/Chicago,924,d91077c58a322532c41f7382fdf7a1204e3740f8853aad9b4b0153e005039a2d,True,Gateway Information Group LLC,2026,Copyright © 2026 Gateway Information Group LLC. All rights reserved.,first-party source only; third-party dependencies remain separately licensed,Proprietary; no license grant
MTB-PUBLIC-51B0EF1B67BEA650,src/mediataggerbot/utils.py,utils.py,Sanitized public source release asset,source-code,runtime-source,py,media-tagger-bot,v0.5.9,current,public,False,media-tagger-bot;public-source,utils.py;src/mediataggerbot/utils.py,sanitized from confirmed MediaTaggerBot v0.5.9 source package; public build hardens target-collision evidence priority and uses hash-locked source installation,2026-08-08 CDT / America/Chicago,2026-08-09 CDT / America/Chicago,12162,44ccdbdd0f5e22c3e43583c1aecb088d655e63489377fd188da5332b7684bf9e,True,Gateway Information Group LLC,2026,Copyright © 2026 Gateway Information Group LLC. All rights reserved.,first-party source only; third-party dependencies remain separately licensed,Proprietary; no license grant
MTB-PUBLIC-3B57F99BB1F1B095,src/mediataggerbot/version_identity.py,version_identity.py,Sanitized public source release asset,source-code,runtime-source,py,media-tagger-bot,v0.5.9,current,public,False,media-tagger-bot;public-source,version_identity.py;src/mediataggerbot/version_identity.py,sanitized from confirmed MediaTaggerBot v0.5.9 source package; public build hardens target-collision evidence priority and uses hash-locked source installation,2026-08-08 CDT / America/Chicago,2026-08-09 CDT / America/Chicago,12252,e1f2e99ebe4ba28c9f8912c34c0ddfd65b92cfccc24f3f528ddd5fe8a637e342,True,Gateway Information Group LLC,2026,Copyright © 2026 Gateway Information Group LLC. All rights reserved.,first-party source only; third-party dependencies remain separately licensed,Proprietary; no license grant
MTB-PUBLIC-945AED21FB600BB3,Start_MediaTaggerBot.bat,Start_MediaTaggerBot.bat,Sanitized public source release asset,source-code,release-asset,bat,media-tagger-bot,v0.5.9,current,public,True,media-tagger-bot;public-source,Start_MediaTaggerBot.bat;Start_MediaTaggerBot.bat,sanitized from confirmed MediaTaggerBot v0.5.9 source package; public build hardens target-collision evidence priority and uses hash-locked source installation,2026-08-08 CDT / America/Chicago,2026-08-10 CDT / America/Chicago,22101,85188f19f7c7049d0064351640f1a36e8f5ab1013ad0a0ef72867fadde69ffdb,True,Gateway Information Group LLC,2026,Copyright © 2026 Gateway Information Group LLC. All rights reserved.,first-party source only; third-party dependencies remain separately licensed,Proprietary; no license grant
MTB-PUBLIC-3536CA3F04EB499B,tests/_media_fixtures.py,_media_fixtures.py,Sanitized public source release asset,source-code,test,py,media-tagger-bot,v0.5.9,current,public,False,media-tagger-bot;public-source,_media_fixtures.py;tests/_media_fixtures.py,sanitized from confirmed MediaTaggerBot v0.5.9 source package; public build hardens target-collision evidence priority and uses hash-locked source installation,2026-08-08 CDT / America/Chicago,2026-08-09 CDT / America/Chicago,562,4cbb25af2e6247d302b6849829e7dfd4aced7430dfab328af5cf2668d9d4e682,True,Gateway Information Group LLC,2026,Copyright © 2026 Gateway Information Group LLC. All rights reserved.,first-party source only; third-party dependencies remain separately licensed,Proprietary; no license grant
MTB-PUBLIC-A121BB771D77EA98,tests/test_api_resilience.py,test_api_resilience.py,Sanitized public source release asset,source-code,test,py,media-tagger-bot,v0.5.9,current,public,False,media-tagger-bot;public-source,test_api_resilience.py;tests/test_api_resilience.py,sanitized from confirmed MediaTaggerBot v0.5.9 source package; public build hardens target-collision evidence priority and uses hash-locked source installation,2026-08-08 CDT / America/Chicago,2026-08-09 CDT / America/Chicago,2302,c91ebea07dc685b92564c58446d189fc4fcb90ed1157da06d923dfcf02add108,True,Gateway Information Group LLC,2026,Copyright © 2026 Gateway Information Group LLC. All rights reserved.,first-party source only; third-party dependencies remain separately licensed,Proprietary; no license grant
MTB-PUBLIC-DF3FCE20FE09C017,tests/test_asset_metadata_v052.py,test_asset_metadata_v052.py,Sanitized public source release asset,source-code,test,py,media-tagger-bot,v0.5.9,current,public,False,media-tagger-bot;public-source,test_asset_metadata_v052.py;tests/test_asset_metadata_v052.py,sanitized from confirmed MediaTaggerBot v0.5.9 source package; public build hardens target-collision evidence priority and uses hash-locked source installation,2026-08-08 CDT / America/Chicago,2026-08-09 CDT / America/Chicago,7041,391394de8b6c92eaf2302b833ce2cb1f12eece62fe77c4698d0dcd0d50fb80f9,True,Gateway Information Group LLC,2026,Copyright © 2026 Gateway Information Group LLC. All rights reserved.,first-party source only; third-party dependencies remain separately licensed,Proprietary; no license grant
MTB-PUBLIC-2F78F571AE2DC5A0,tests/test_bat_menu_static.py,test_bat_menu_static.py,Sanitized public source release asset,source-code,test,py,media-tagger-bot,v0.5.9,current,public,False,media-tagger-bot;public-source,test_bat_menu_static.py;tests/test_bat_menu_static.py,sanitized from confirmed MediaTaggerBot v0.5.9 source package; public build hardens target-collision evidence priority and uses hash-locked source installation,2026-08-08 CDT / America/Chicago,2026-08-09 CDT / America/Chicago,4436,d3bab84e9d9d0dd36ea965debfeba51ccabbc851d6391c3360692fb58bac36b4,True,Gateway Information Group LLC,2026,Copyright © 2026 Gateway Information Group LLC. All rights reserved.,first-party source only; third-party dependencies remain separately licensed,Proprietary; no license grant
MTB-PUBLIC-7DFBF4E3FBC44AC7,tests/test_canonicalization.py,test_canonicalization.py,Sanitized public source release asset,source-code,test,py,media-tagger-bot,v0.5.9,current,public,False,media-tagger-bot;public-source,test_canonicalization.py;tests/test_canonicalization.py,sanitized from confirmed MediaTaggerBot v0.5.9 source package; public build hardens target-collision evidence priority and uses hash-locked source installation,2026-08-08 CDT / America/Chicago,2026-08-09 CDT / America/Chicago,7853,5b49e4f3158b2fbe5031c4dc9618bd382a6c9046745bba1ad00b2868d87e6020,True,Gateway Information Group LLC,2026,Copyright © 2026 Gateway Information Group LLC. All rights reserved.,first-party source only; third-party dependencies remain separately licensed,Proprietary; no license grant
MTB-PUBLIC-CCE28077BBA940E5,tests/test_diagnostics.py,test_diagnostics.py,Sanitized public source release asset,source-code,test,py,media-tagger-bot,v0.5.9,current,public,False,media-tagger-bot;public-source,test_diagnostics.py;tests/test_diagnostics.py,sanitized from confirmed MediaTaggerBot v0.5.9 source package; public build hardens target-collision evidence priority and uses hash-locked source installation,2026-08-08 CDT / America/Chicago,2026-08-09 CDT / America/Chicago,2541,5b0b86c13fe5bb4458979d6b9349c0e1925696b7f296edc3b14e9065f2908621,True,Gateway Information Group LLC,2026,Copyright © 2026 Gateway Information Group LLC. All rights reserved.,first-party source only; third-party dependencies remain separately licensed,Proprietary; no license grant
MTB-PUBLIC-CD2012D220EEC183,tests/test_fingerprint_cache.py,test_fingerprint_cache.py,Sanitized public source release asset,source-code,test,py,media-tagger-bot,v0.5.9,current,public,False,media-tagger-bot;public-source,test_fingerprint_cache.py;tests/test_fingerprint_cache.py,sanitized from confirmed MediaTaggerBot v0.5.9 source package; public build hardens target-collision evidence priority and uses hash-locked source installation,2026-08-08 CDT / America/Chicago,2026-08-09 CDT / America/Chicago,2806,6826136b50f5026fe3af1c84bf8c382a55b2accbeaf51602d9ee72bdf70697e1,True,Gateway Information Group LLC,2026,Copyright © 2026 Gateway Information Group LLC. All rights reserved.,first-party source only; third-party dependencies remain separately licensed,Proprietary; no license grant
MTB-PUBLIC-69B3BE382A252F29,tests/test_genre_mapping.py,test_genre_mapping.py,Sanitized public source release asset,source-code,test,py,media-tagger-bot,v0.5.9,current,public,False,media-tagger-bot;public-source,test_genre_mapping.py;tests/test_genre_mapping.py,sanitized from confirmed MediaTaggerBot v0.5.9 source package; public build hardens target-collision evidence priority and uses hash-locked source installation,2026-08-08 CDT / America/Chicago,2026-08-09 CDT / America/Chicago,743,c00b2c0b9390abcb8cb5f267b12a0bf3747e917c9c371ddab12116fb979af377,True,Gateway Information Group LLC,2026,Copyright © 2026 Gateway Information Group LLC. All rights reserved.,first-party source only; third-party dependencies remain separately licensed,Proprietary; no license grant
MTB-PUBLIC-A4DE3BC1CE75E048,tests/test_hardening_v051.py,test_hardening_v051.py,Sanitized public source release asset,source-code,test,py,media-tagger-bot,v0.5.9,current,public,False,media-tagger-bot;public-source,test_hardening_v051.py;tests/test_hardening_v051.py,sanitized from confirmed MediaTaggerBot v0.5.9 source package; public build hardens target-collision evidence priority and uses hash-locked source installation,2026-08-08 CDT / America/Chicago,2026-08-09 CDT / America/Chicago,15323,b38581c12a8e7b71c291c14a2e8d3eaecf74b88ec0ee960dbe0f9c5dacada901,True,Gateway Information Group LLC,2026,Copyright © 2026 Gateway Information Group LLC. All rights reserved.,first-party source only; third-party dependencies remain separately licensed,Proprietary; no license grant
MTB-PUBLIC-EFA48AF068A764D7,tests/test_identifier_shortcuts.py,test_identifier_shortcuts.py,Sanitized public source release asset,source-code,test,py,media-tagger-bot,v0.5.9,current,public,False,media-tagger-bot;public-source,test_identifier_shortcuts.py;tests/test_identifier_shortcuts.py,sanitized from confirmed MediaTaggerBot v0.5.9 source package; public build hardens target-collision evidence priority and uses hash-locked source installation,2026-08-08 CDT / America/Chicago,2026-08-09 CDT / America/Chicago,3292,49cc771f8742f9c4258d710ecf282b82cb02e2b63c98752210d7af40ee1b7d15,True,Gateway Information Group LLC,2026,Copyright © 2026 Gateway Information Group LLC. All rights reserved.,first-party source only; third-party dependencies remain separately licensed,Proprietary; no license grant
MTB-PUBLIC-E4383B670C4B8C50,tests/test_matching_safety.py,test_matching_safety.py,Sanitized public source release asset,source-code,test,py,media-tagger-bot,v0.5.9,current,public,False,media-tagger-bot;public-source,test_matching_safety.py;tests/test_matching_safety.py,sanitized from confirmed MediaTaggerBot v0.5.9 source package; public build hardens target-collision evidence priority and uses hash-locked source installation,2026-08-08 CDT / America/Chicago,2026-08-09 CDT / America/Chicago,6543,33ca2bd4670b4f308d8b5867c15ab2c121c8ac64ac5661a092bf9dda7dd3659d,True,Gateway Information Group LLC,2026,Copyright © 2026 Gateway Information Group LLC. All rights reserved.,first-party source only; third-party dependencies remain separately licensed,Proprietary; no license grant
MTB-PUBLIC-534CC036D237D181,tests/test_naming_and_metadata.py,test_naming_and_metadata.py,Sanitized public source release asset,source-code,test,py,media-tagger-bot,v0.5.9,current,public,False,media-tagger-bot;public-source,test_naming_and_metadata.py;tests/test_naming_and_metadata.py,sanitized from confirmed MediaTaggerBot v0.5.9 source package; public build hardens target-collision evidence priority and uses hash-locked source installation,2026-08-08 CDT / America/Chicago,2026-08-09 CDT / America/Chicago,3924,ebfbe0fd4651020737c9c3bc218888e46e98d526d5da8c0cb5f87eb03ebb8a01,True,Gateway Information Group LLC,2026,Copyright © 2026 Gateway Information Group LLC. All rights reserved.,first-party source only; third-party dependencies remain separately licensed,Proprietary; no license grant
MTB-PUBLIC-5887EE3A84598DAF,tests/test_recursive_scanner.py,test_recursive_scanner.py,Sanitized public source release asset,source-code,test,py,media-tagger-bot,v0.5.9,current,public,False,media-tagger-bot;public-source,test_recursive_scanner.py;tests/test_recursive_scanner.py,sanitized from confirmed MediaTaggerBot v0.5.9 source package; public build hardens target-collision evidence priority and uses hash-locked source installation,2026-08-08 CDT / America/Chicago,2026-08-09 CDT / America/Chicago,4041,5d67b98fed2af55ec96a8f64d0702041e8776067e12ebe40a16ebb08a3ec1861,True,Gateway Information Group LLC,2026,Copyright © 2026 Gateway Information Group LLC. All rights reserved.,first-party source only; third-party dependencies remain separately licensed,Proprietary; no license grant
MTB-PUBLIC-62664ECFBE4E81E0,tests/test_release_asset_manifest_v053.py,test_release_asset_manifest_v053.py,Sanitized public source release asset,source-code,test,py,media-tagger-bot,v0.5.9,current,public,False,media-tagger-bot;public-source,test_release_asset_manifest_v053.py;tests/test_release_asset_manifest_v053.py,sanitized from confirmed MediaTaggerBot v0.5.9 source package; public build hardens target-collision evidence priority and uses hash-locked source installation,2026-08-08 CDT / America/Chicago,2026-08-09 CDT / America/Chicago,1685,991486216966b46b135a8ce67cd1a41a34f057f50dceac85afeec6f389d434b9,True,Gateway Information Group LLC,2026,Copyright © 2026 Gateway Information Group LLC. All rights reserved.,first-party source only; third-party dependencies remain separately licensed,Proprietary; no license grant
MTB-PUBLIC-ED42136CDE106E2E,tests/test_stability_v041.py,test_stability_v041.py,Sanitized public source release asset,source-code,test,py,media-tagger-bot,v0.5.9,current,public,False,media-tagger-bot;public-source,test_stability_v041.py;tests/test_stability_v041.py,sanitized from confirmed MediaTaggerBot v0.5.9 source package; public build hardens target-collision evidence priority and uses hash-locked source installation,2026-08-08 CDT / America/Chicago,2026-08-09 CDT / America/Chicago,8451,7cdffdb1e3ec6b5211c82ed57cba1e9f63c3bd5cf273419896cb2499c63cfb8d,True,Gateway Information Group LLC,2026,Copyright © 2026 Gateway Information Group LLC. All rights reserved.,first-party source only; third-party dependencies remain separately licensed,Proprietary; no license grant
MTB-PUBLIC-5BF3A656736FC01E,tests/test_triage_stability_v050.py,test_triage_stability_v050.py,Sanitized public source release asset,source-code,test,py,media-tagger-bot,v0.5.9,current,public,False,media-tagger-bot;public-source,test_triage_stability_v050.py;tests/test_triage_stability_v050.py,sanitized from confirmed MediaTaggerBot v0.5.9 source package; public build hardens target-collision evidence priority and uses hash-locked source installation,2026-08-08 CDT / America/Chicago,2026-08-09 CDT / America/Chicago,11157,eae25a6abca3e160b42afc332e7959b92be05fcd1ed1a98875f6937dad1249e7,True,Gateway Information Group LLC,2026,Copyright © 2026 Gateway Information Group LLC. All rights reserved.,first-party source only; third-party dependencies remain separately licensed,Proprietary; no license grant
MTB-PUBLIC-41807A100D3E8F83,tests/test_upgrade_v051.py,test_upgrade_v051.py,Sanitized public source release asset,source-code,test,py,media-tagger-bot,v0.5.9,current,public,False,media-tagger-bot;public-source,test_upgrade_v051.py;tests/test_upgrade_v051.py,sanitized from confirmed MediaTaggerBot v0.5.9 source package; public build hardens target-collision evidence priority and uses hash-locked source installation,2026-08-08 CDT / America/Chicago,2026-08-09 CDT / America/Chicago,6698,d4eaae347aa5d37c629e0eb6512430f2f6a1f0607fea20e77e708e479477ef76,True,Gateway Information Group LLC,2026,Copyright © 2026 Gateway Information Group LLC. All rights reserved.,first-party source only; third-party dependencies remain separately licensed,Proprietary; no license grant
MTB-PUBLIC-4C320E8D4439C014,tests/test_v053_production_evidence_fixes.py,test_v053_production_evidence_fixes.py,Sanitized public source release asset,source-code,test,py,media-tagger-bot,v0.5.9,current,public,False,media-tagger-bot;public-source,test_v053_production_evidence_fixes.py;tests/test_v053_production_evidence_fixes.py,sanitized from confirmed MediaTaggerBot v0.5.9 source package; public build hardens target-collision evidence priority and uses hash-locked source installation,2026-08-08 CDT / America/Chicago,2026-08-09 CDT / America/Chicago,10429,4e84dbdc7f9f91db033404f2d70105712151d3915c2149789cfa1e046939e151,True,Gateway Information Group LLC,2026,Copyright © 2026 Gateway Information Group LLC. All rights reserved.,first-party source only; third-party dependencies remain separately licensed,Proprietary; no license grant
MTB-PUBLIC-97B46A203FDFE62D,tests/test_v054_stability_usability.py,test_v054_stability_usability.py,Sanitized public source release asset,source-code,test,py,media-tagger-bot,v0.5.9,current,public,False,media-tagger-bot;public-source,test_v054_stability_usability.py;tests/test_v054_stability_usability.py,sanitized from confirmed MediaTaggerBot v0.5.9 source package; public build hardens target-collision evidence priority and uses hash-locked source installation,2026-08-08 CDT / America/Chicago,2026-08-09 CDT / America/Chicago,4227,f093397c76d5db977582a10da9c5f95a354d4217ef628ae47a40080333094f91,True,Gateway Information Group LLC,2026,Copyright © 2026 Gateway Information Group LLC. All rights reserved.,first-party source only; third-party dependencies remain separately licensed,Proprietary; no license grant
MTB-PUBLIC-4BDC5151F1131541,tests/test_v055_nonrestrictive_computer_awareness.py,test_v055_nonrestrictive_computer_awareness.py,Sanitized public source release asset,source-code,test,py,media-tagger-bot,v0.5.9,current,public,False,media-tagger-bot;public-source,test_v055_nonrestrictive_computer_awareness.py;tests/test_v055_nonrestrictive_computer_awareness.py,sanitized from confirmed MediaTaggerBot v0.5.9 source package; public build hardens target-collision evidence priority and uses hash-locked source installation,2026-08-08 CDT / America/Chicago,2026-08-09 CDT / America/Chicago,3404,0786073eb40f4d81fbdb7e43ed996cf75c6c6603b7e78931c3abca9365a810f9,True,Gateway Information Group LLC,2026,Copyright © 2026 Gateway Information Group LLC. All rights reserved.,first-party source only; third-party dependencies remain separately licensed,Proprietary; no license grant
MTB-PUBLIC-35B619F991BC6668,tests/test_v055_release_alignment.py,test_v055_release_alignment.py,Sanitized public source release asset,source-code,test,py,media-tagger-bot,v0.5.9,current,public,False,media-tagger-bot;public-source,test_v055_release_alignment.py;tests/test_v055_release_alignment.py,sanitized from confirmed MediaTaggerBot v0.5.9 source package; public build hardens target-collision evidence priority and uses hash-locked source installation,2026-08-08 CDT / America/Chicago,2026-08-09 CDT / America/Chicago,2690,f9105cfda455ba6a608c5c967a92eaf6d62a1fd82a101ecfedf8aa4e147ce142,True,Gateway Information Group LLC,2026,Copyright © 2026 Gateway Information Group LLC. All rights reserved.,first-party source only; third-party dependencies remain separately licensed,Proprietary; no license grant
MTB-PUBLIC-0F3976A2F584555F,tests/test_v056_production_stability_fixes.py,test_v056_production_stability_fixes.py,Sanitized public source release asset,source-code,test,py,media-tagger-bot,v0.5.9,current,public,False,media-tagger-bot;public-source,test_v056_production_stability_fixes.py;tests/test_v056_production_stability_fixes.py,sanitized from confirmed MediaTaggerBot v0.5.9 source package; public build hardens target-collision evidence priority and uses hash-locked source installation,2026-08-08 CDT / America/Chicago,2026-08-09 CDT / America/Chicago,9050,a8eb66336c1df281dc8bdb72d8a5cfbb6d4050091a2fbb9966f600c7971c2686,True,Gateway Information Group LLC,2026,Copyright © 2026 Gateway Information Group LLC. All rights reserved.,first-party source only; third-party dependencies remain separately licensed,Proprietary; no license grant
MTB-PUBLIC-D2E801A3EDCB318D,tests/test_v057_review_hardening.py,test_v057_review_hardening.py,Sanitized public source release asset,source-code,test,py,media-tagger-bot,v0.5.9,current,public,False,media-tagger-bot;public-source,test_v057_review_hardening.py;tests/test_v057_review_hardening.py,sanitized from confirmed MediaTaggerBot v0.5.9 source package; public build hardens target-collision evidence priority and uses hash-locked source installation,2026-08-08 CDT / America/Chicago,2026-08-09 CDT / America/Chicago,22984,931e179e13e691955ab24c64d3d47ef72ca0714998f17517bd6b29d579e5111b,True,Gateway Information Group LLC,2026,Copyright © 2026 Gateway Information Group LLC. All rights reserved.,first-party source only; third-party dependencies remain separately licensed,Proprietary; no license grant
MTB-PUBLIC-60A762173029DEBC,tests/test_v058_lock_recovery.py,test_v058_lock_recovery.py,Sanitized public source release asset,source-code,test,py,media-tagger-bot,v0.5.9,current,public,False,media-tagger-bot;public-source,test_v058_lock_recovery.py;tests/test_v058_lock_recovery.py,sanitized from confirmed MediaTaggerBot v0.5.9 source package; public build hardens target-collision evidence priority and uses hash-locked source installation,2026-08-08 CDT / America/Chicago,2026-08-09 CDT / America/Chicago,13642,0aac96e8d14e3fbe17f2448365280c87ac126ee6ecf785ee4aa1942235756e5f,True,Gateway Information Group LLC,2026,Copyright © 2026 Gateway Information Group LLC. All rights reserved.,first-party source only; third-party dependencies remain separately licensed,Proprietary; no license grant
MTB-PUBLIC-7F8F449CE6B4FEB5,tests/test_v059_runtime_identity_gate.py,test_v059_runtime_identity_gate.py,Sanitized public source release asset,source-code,test,py,media-tagger-bot,v0.5.9,current,public,False,media-tagger-bot;public-source,test_v059_runtime_identity_gate.py;tests/test_v059_runtime_identity_gate.py,sanitized from confirmed MediaTaggerBot v0.5.9 source package; public build hardens target-collision evidence priority and uses hash-locked source installation,2026-08-08 CDT / America/Chicago,2026-08-10 CDT / America/Chicago,10542,c02c0e781d836049289cc0eb7344b4a3577aeb0d133a429c94eaeda00913809f,True,Gateway Information Group LLC,2026,Copyright © 2026 Gateway Information Group LLC. All rights reserved.,first-party source only; third-party dependencies remain separately licensed,Proprietary; no license grant
MTB-PUBLIC-BCD9D90B357A2423,tests/test_v2176_entrypoint_outputs.py,test_v2176_entrypoint_outputs.py,Automated regression and safety test,test,regression-test,py,media-tagger-bot,v0.5.9,current,public,False,media-tagger-bot;public-source,test_v2176_entrypoint_outputs.py;tests/test_v2176_entrypoint_outputs.py,introduced in MediaTaggerBot v0.5.9 at tests/test_v2176_entrypoint_outputs.py,2026-08-09 CDT / America/Chicago,2026-08-10 CDT / America/Chicago,2658,e13e71a26f23b4dfc3268b3ffb8370f4f0753f30e8e4134c133b7c5194deb2fe,True,Gateway Information Group LLC,2026,Copyright © 2026 Gateway Information Group LLC. All rights reserved.,first-party source only; third-party dependencies remain separately licensed,Proprietary; no license grant
MTB-PUBLIC-6895657DD0BA4AE4,tests/test_version_identity.py,test_version_identity.py,Sanitized public source release asset,source-code,test,py,media-tagger-bot,v0.5.9,current,public,False,media-tagger-bot;public-source,test_version_identity.py;tests/test_version_identity.py,sanitized from confirmed MediaTaggerBot v0.5.9 source package; public build hardens target-collision evidence priority and uses hash-locked source installation,2026-08-08 CDT / America/Chicago,2026-08-09 CDT / America/Chicago,2027,2af0bbb6448dceb1da8645a7cb00b456a950077f90a42592deabc7cd335e53b8,True,Gateway Information Group LLC,2026,Copyright © 2026 Gateway Information Group LLC. All rights reserved.,first-party source only; third-party dependencies remain separately licensed,Proprietary; no license grant
MTB-PUBLIC-DA1813600AB8C686,tests/test_windows_path_config_recovery.py,test_windows_path_config_recovery.py,Sanitized public source release asset,source-code,test,py,media-tagger-bot,v0.5.9,current,public,False,media-tagger-bot;public-source,test_windows_path_config_recovery.py;tests/test_windows_path_config_recovery.py,sanitized from confirmed MediaTaggerBot v0.5.9 source package; public build hardens target-collision evidence priority and uses hash-locked source installation,2026-08-08 CDT / America/Chicago,2026-08-10 CDT / America/Chicago,8363,be3ddf713f92a5d87d3e4e871b68fb0b3c21cb1972439976134ac71df0b05d41,True,Gateway Information Group LLC,2026,Copyright © 2026 Gateway Information Group LLC. All rights reserved.,first-party source only; third-party dependencies remain separately licensed,Proprietary; no license grant
MTB-PUBLIC-D448B8E7FEFE6C0B,THIRD_PARTY_NOTICES.md,THIRD_PARTY_NOTICES.md,Sanitized public source release asset,documentation,release-asset,md,media-tagger-bot,v0.5.9,current,public,False,media-tagger-bot;public-source,THIRD_PARTY_NOTICES.md;THIRD_PARTY_NOTICES.md,sanitized from confirmed MediaTaggerBot v0.5.9 source package; public build hardens target-collision evidence priority and uses hash-locked source installation,2026-08-08 CDT / America/Chicago,2026-08-09 CDT / America/Chicago,431,f2115d7ba9b490ae71b953a0be756301082a79e65885fda4c60f84dedf9b828b,True,Gateway Information Group LLC,2026,Copyright © 2026 Gateway Information Group LLC. All rights reserved.,first-party source only; third-party dependencies remain separately licensed,Proprietary; no license grant
MTB-PUBLIC-DADFC37F082F218F,VERSION.txt,VERSION.txt,Sanitized public source release asset,documentation,release-asset,txt,media-tagger-bot,v0.5.9,current,public,True,media-tagger-bot;public-source,VERSION.txt;VERSION.txt,sanitized from confirmed MediaTaggerBot v0.5.9 source package; public build hardens target-collision evidence priority and uses hash-locked source installation,2026-08-08 CDT / America/Chicago,2026-08-10 CDT / America/Chicago,81,1410c3386fa965144bc70b23f259a385e2e45906023c1a48ea8028774d85bc40,True,Gateway Information Group LLC,2026,Copyright © 2026 Gateway Information Group LLC. All rights reserved.,first-party source only; third-party dependencies remain separately licensed,Proprietary; no license grant
